{"val_loss": [3.4792776775360106, 4.304160984633358, 5.012699719714996, 5.930916683093922, 5.923355856150427], "loss": [0.9977728698183509, 0.24203145489214906, 0.07590905536857447, 0.031509853591331384, 0.021794597633852556], "acc": [0.6320701357466063, 0.9189342403628118, 0.9777997737556561, 0.9905045351473923, 0.99390589569161], "val_acc": [0.41, 0.37966537997222466, 0.3938223940525276, 0.40283140298482534, 0.39382239386074946]}