{"val_acc": [0.56, 0.5166666658719381, 0.6033333333333334, 0.7533333333333333, 0.7857142840112958, 0.8133333325386047, 0.7600000007947286, 0.8199999992052714, 0.7933333325386047, 0.8, 0.8399999992052714, 0.7399999992052714, 0.7733333341280619, 0.8535714285714285, 0.813333334128062, 0.7833333341280619, 0.85, 0.8433333341280619, 0.84, 0.7699999992052714, 0.82, 0.8200000007947286, 0.8607142874172755, 0.77, 0.8400000007947286, 0.7866666674613952, 0.7566666674613952, 0.7966666666666666, 0.7466666674613953, 0.806666665871938], "acc": [0.6671732535251731, 0.8340328127680185, 0.8727203651039797, 0.9133918355867545, 0.9228723408331625, 0.9309423887879736, 0.934650456130867, 0.9519267457216489, 0.9559270517849632, 0.9557420835154787, 0.9566869303629391, 0.9637542924140529, 0.9699848025221955, 0.9660434950084824, 0.973404255477672, 0.975581839015492, 0.9745440731294974, 0.9774895079578894, 0.9802431612074556, 0.9790156430435836, 0.9821428572107955, 0.9744372378547244, 0.9832826748399749, 0.9858832507131665, 0.9825227964658143, 0.9832125143302574, 0.9779635258585124, 0.9824494468670044, 0.9848024317694652, 0.9801602442270925], "val_loss": [1.2599103466669719, 1.167542389233907, 0.9055804332097371, 0.6680109024047851, 0.6603392481803894, 0.9686258093516031, 1.1704890696207682, 0.9879125006993612, 1.2392917569478352, 1.2296770270665487, 0.7645428907871247, 2.0805891863505046, 1.2275615647435187, 1.0876625927431243, 1.0019863390922545, 1.2605241966247558, 0.902827943166097, 0.997590205669403, 1.0314026339848836, 1.2805733450253804, 1.1006034338474273, 1.1277022314071656, 0.9722728206643036, 1.5064193852742513, 0.9325427095095317, 1.6345185836156209, 1.4780364894866944, 1.3565867535273235, 2.0600331338246662, 1.289998083114624], "loss": [1.1326290593117385, 0.4535060584749806, 0.33665919117063375, 0.2576317175858942, 0.2325227616756792, 0.18082130958000323, 0.1801997978933082, 0.14973734847018733, 0.17547243053240752, 0.11974884339106169, 0.15922064256237248, 0.1033949271027988, 0.08921041825997125, 0.10155924350998298, 0.08795859038194297, 0.09386117883877262, 0.10366796946689476, 0.06718669584242522, 0.06564589792893143, 0.056025341307092, 0.07840699550453686, 0.06991034103718255, 0.06526180380736131, 0.050527913176226645, 0.05733011311289896, 0.04277306282123865, 0.07938855426694574, 0.06121002960829679, 0.05839460222766201, 0.1010359700035694]}