{"val_loss": [9.108975510001182, 13.831961672278444, 12.60629061842517], "val_acc": [0.12875, 0.021879021879021878, 0.05662805662805663], "loss": [8.8952112698555, 12.397951751600417, 12.98838794308523], "acc": [0.09, 0.02199223803363519, 0.028460543337645538]}