{"loss": [0.970722809742237, 0.6480937045255318, 0.4612725307087332, 0.3617685399992551, 0.2828935447703329, 0.26233318161747465, 0.21581497782695838, 0.22090133342342957, 0.18320068519962132, 0.16737632505472416, 0.16659053868303697, 0.1321090416149274, 0.12989560246794396, 0.1382651243801318, 0.11494000218418061, 0.1279820964333758, 0.10374711404440361, 0.1114289987934076, 0.10354503483914723, 0.10367311706016483, 0.09161728097453051, 0.09686825252013188, 0.08045212167767408, 0.07992419257027962, 0.09061052712230047, 0.06129946658242116, 0.08813139447100261, 0.10211825832298731, 0.07480061198837364, 0.07991252760014807], "val_loss": [0.9178270022074382, 0.8317116073767344, 1.443526341120402, 0.6278983337538583, 1.1330512690544128, 0.6403173629442851, 1.017620403766632, 0.8155161698659261, 1.486727433204651, 1.1154804150263469, 1.4794556093215943, 1.2588414716720582, 1.0890263199806214, 1.2359624807039897, 1.5236745849251747, 1.4759014828999837, 1.255799663066864, 1.3978517278035483, 1.4932267502943675, 1.4151315466562906, 1.8851211071014404, 1.2108483799298604, 1.2078169904152551, 1.7660691354955946, 1.322087157567342, 2.0875107924143474, 1.3680816094080608, 2.0553322887420653, 1.7162880357106527, 1.9082677591840427], "acc": [0.5931034496517931, 0.7572143146422057, 0.8337164760321036, 0.8787995388114301, 0.8972681806425995, 0.9114942532846297, 0.9265101966421253, 0.9284340134488935, 0.9440613029560366, 0.950365525477205, 0.945210728289067, 0.9580607929106811, 0.958830319537067, 0.9540229886656063, 0.9638322433309859, 0.9611388997831635, 0.9639846744436871, 0.968834167262507, 0.9655172415163326, 0.9696036937742244, 0.96998845725942, 0.9693486591865277, 0.9699884572823536, 0.9742208542434836, 0.9727969350714336, 0.9807618315424448, 0.9747126437695091, 0.9753751443779987, 0.9769141979059746, 0.9773946362436959], "val_acc": [0.5533333337306976, 0.6399999992052714, 0.5866666666666667, 0.7571428571428571, 0.6666666666666666, 0.7766666666666666, 0.7333333341280619, 0.7933333325386047, 0.7, 0.7533333333333333, 0.68, 0.7499999992052714, 0.7566666658719381, 0.7433333333333333, 0.7892857142857143, 0.75, 0.7866666666666666, 0.7466666658719381, 0.7966666674613953, 0.7766666658719381, 0.7166666666666667, 0.7533333333333333, 0.7733333341280619, 0.725, 0.7866666666666666, 0.7433333333333333, 0.7933333333333333, 0.7966666666666666, 0.7566666662693023, 0.7166666666666667]}