{"val_acc": [0.07, 0.11597938144329897, 0.09922680412371133, 0.21649484536082475, 0.17783505154639176, 0.12628865979381443, 0.18943298969072164, 0.26875, 0.3247422680412371, 0.31056701030927836], "acc": [0.5621436716077537, 0.7755131128848347, 0.80287913340935, 0.8225484606783365, 0.8479190421892816, 0.8688711516703548, 0.891391106051825, 0.8939566704675028, 0.9002280501880287, 0.9160490307952687], "val_loss": [4.571422121524811, 5.308011074041583, 5.860566758617912, 5.793884459230089, 6.411186422269369, 6.445927093938454, 6.647962327470484, 5.11758588552475, 5.26525444345376, 5.640729614139832], "loss": [1.3744702516859046, 0.6665854194229935, 0.5446019242436677, 0.46954192357464875, 0.4081404600301736, 0.3475392926825868, 0.3039740991880535, 0.29452500068381654, 0.2846880065978897, 0.2307667780536722]}