{"val_acc": [0.0175, 0.11794228337639698, 0.12421580950917684, 0.17691342534504392, 0.24090338770388958, 0.19824341279331834, 0.19071518192757178, 0.1355081555834379, 0.25094102885821834, 0.29375], "acc": [0.5307867730943275, 0.7696693272519954, 0.7968928164196123, 0.8092930444697833, 0.8658779931584949, 0.8647377423202978, 0.875285062713797, 0.887542759415565, 0.8872576966932725, 0.9066419612399664], "val_loss": [4.650656695365906, 5.769460623805765, 6.634132897091032, 7.70323218844616, 7.82921923597903, 8.100104147248166, 8.003558012293453, 7.4847682656129, 7.131587587904601, 6.788294237852097], "loss": [1.4524110871454237, 0.6880761804799852, 0.5752094418960058, 0.4966214431796959, 0.3636748555977424, 0.3622478050821557, 0.3434937297168325, 0.309706161297997, 0.3036642888512573, 0.2559714561080197]}