{"val_acc": [0.10125, 0.1328320803872326, 0.1466165415401148, 0.21679197994987467, 0.07017543859649122, 0.14661654135338345, 0.22125, 0.2719298245614035, 0.2731829573934837, 0.2606516290726817], "acc": [0.5146807297775384, 0.753563283922463, 0.7755131128933302, 0.8121436716077537, 0.8335233751425314, 0.8567559863169898, 0.8848346636429888, 0.8717217787998296, 0.8727194983066148, 0.8846921322690992], "val_loss": [4.639159858226776, 5.607908683910704, 6.655957704050499, 7.844295021286585, 6.84848069666621, 8.740372572925157, 7.618155762851238, 5.8327336550356454, 5.0243493196061975, 6.10171441685287], "loss": [1.462932658004771, 0.7414078499264048, 0.6244836196915245, 0.49580305354824533, 0.42912296317437115, 0.38694970878849877, 0.3195117479081693, 0.338006176006093, 0.34251955742773865, 0.31460156315395416]}